"coord.join8","Lat","Long","Year","Parrotfish"
1441,20.93582866,-156.6934171,2011,2.157992064
1443,20.93586973,-156.6931759,2011,0.356816
1447,20.93589295,-156.6932101,2011,2.928714624
1448,20.93590116,-156.6934661,2011,2.975748
1450,20.93596679,-156.6931958,2011,14.84144564
1451,20.93597459,-156.6931773,2011,0
1455,20.93606737,-156.6935429,2011,1.650359
1456,20.93607768,-156.6933992,2011,3.7425579
1460,20.93613552,-156.6935618,2011,0
1461,20.93619637,-156.6934157,2011,8.26522639
1464,20.93625136,-156.6935354,2011,0
1473,20.93641581,-156.6934257,2011,0
1475,20.93645613,-156.6932167,2011,0
1477,20.93648756,-156.6932672,2011,2.975748
1479,20.93653182,-156.693583,2011,0
1480,20.93656652,-156.6934194,2011,0
1482,20.936592,-156.6934168,2011,34.233090105
1489,20.93676869,-156.6936611,2011,2.3194431216
1491,20.93682166,-156.6935531,2011,3.968638
1494,20.93684664,-156.6930906,2011,0
1496,20.93695845,-156.6934237,2011,0.162159875
1498,20.9370842,-156.6935883,2008,0
1503,20.93727713,-156.6938296,2011,0
1505,20.93736649,-156.6931458,2009,0
1506,20.93749356,-156.6931384,2011,0
1508,20.93756187,-156.6937568,2011,2.328102
1509,20.93757318,-156.6937182,2011,0
1513,20.93768047,-156.6932637,2011,0.968706216
1515,20.93769967,-156.6935394,2011,0
1517,20.93787493,-156.6934313,2011,100.206057
1524,20.93801172,-156.6936614,2011,6.42761568
1531,20.93816243,-156.693852,2011,0
1535,20.93826335,-156.6937731,2011,0
1544,20.93839008,-156.69341,2011,0
1545,20.93840215,-156.6937905,2011,0
1546,20.93840266,-156.693739,2011,2.602893276
1547,20.93840978,-156.6940099,2011,0
1556,20.93866015,-156.6939864,2011,8.085014125
1558,20.9387039,-156.6937934,2011,0
1575,20.93921661,-156.6930695,2008,0.156802119
1581,20.93936649,-156.6929941,2011,0
1582,20.93937492,-156.6932068,2008,1.003944013
1584,20.93948141,-156.693271,2011,0
1587,20.93963446,-156.6934701,2011,0.449272375
1603,20.93982372,-156.6938219,2011,0
1604,20.93982506,-156.6931763,2008,0.04386251
1607,20.93997007,-156.693482,2011,0.5678851
1608,20.93997535,-156.6929641,2012,0
1621,20.94039345,-156.6930695,2009,3.968638
1625,20.94059302,-156.6932792,2011,2.5150679
1632,20.94081522,-156.6929325,2010,0
1635,20.94084598,-156.6931755,2011,9.29375675
1636,20.94087982,-156.6929932,2008,0
1644,20.94110339,-156.6938417,2011,0.9990704
1648,20.94119651,-156.6940374,2012,0.47237329825
1650,20.94125748,-156.6941681,2009,0
1651,20.9413064,-156.6930399,2012,0.968706216
1653,20.94135946,-156.6940567,2011,1.437672
1659,20.94159608,-156.6943649,2011,0
1661,20.94160899,-156.6945939,2011,0
1664,20.94163304,-156.6947197,2011,0
1679,20.94261498,-156.6943492,2011,3.669418
1681,20.94265002,-156.6949203,2011,1.110182
1682,20.94266452,-156.6945357,2011,2.848099756
1683,20.94266703,-156.6949368,2011,1.3478175
1686,20.94269008,-156.6943799,2011,2.607264439
1688,20.942745,-156.694891,2011,0
1689,20.94275194,-156.6946781,2011,1.110182
1691,20.94275597,-156.6947205,2011,3.22208125
1696,20.94292972,-156.6942941,2011,8.4695639
1700,20.94309753,-156.6947255,2011,1.3478175
1703,20.94318839,-156.6943307,2011,7.065491071
1705,20.94322401,-156.6945183,2011,3.1848175
1706,20.94328243,-156.6946738,2012,15.684893325
1708,20.94332132,-156.6945541,2011,0.06486393
1711,20.94337522,-156.6946026,2011,15.1517949
1718,20.94363464,-156.693204,2011,0
1721,20.94367228,-156.6938032,2012,3.53822242083333
1724,20.94379044,-156.6946259,2008,0.7188358
1727,20.94383832,-156.6946334,2011,3.669418
1745,20.94419723,-156.6940795,2011,0
1746,20.94419941,-156.6936663,2011,0
1748,20.944224,-156.695247,2011,22.017095384
1757,20.94439002,-156.6939201,2011,0.6809013
1764,20.94444693,-156.6938033,2011,0
1770,20.94455816,-156.6949791,2011,23.778622
1772,20.94462153,-156.6945665,2011,1.437672
1779,20.94483694,-156.6941022,2011,2.1092524
1782,20.94490814,-156.6935425,2008,3.06724
1788,20.94511145,-156.6949024,2012,0
1791,20.94520424,-156.6934602,2011,8.174399
1796,20.94535446,-156.6940765,2008,0
1815,20.94592994,-156.6957199,2011,0
1816,20.94594469,-156.6953607,2011,0
1817,20.94594662,-156.6950055,2012,3.08289024
1830,20.94611944,-156.6955361,2011,20.672688
1833,20.94619296,-156.6949731,2010,3.350371
1834,20.94622993,-156.6954801,2011,11.98052775
1847,20.94647686,-156.6957629,2011,3.1547204
1848,20.94649203,-156.6955681,2011,5.47108875
1852,20.94656168,-156.6943542,2011,5.03185
1853,20.94657761,-156.6955795,2010,0.3950364
1859,20.94699268,-156.6943967,2011,0.9990704
1862,20.94704406,-156.6939211,2011,15.5555025
1864,20.9470905,-156.6943033,2011,7.2265038
1865,20.94713375,-156.6941756,2011,3.4217227
1873,20.94738579,-156.6944981,2011,2.220364
1877,20.94750792,-156.6942397,2011,0
1884,20.94783967,-156.6946748,2011,1.110182
1891,20.94811854,-156.6950731,2011,0
1897,20.94829054,-156.6949128,2011,1.110182
1900,20.94837234,-156.6950759,2011,0.7188358
1908,20.94857711,-156.6945098,2011,0
1909,20.94861919,-156.6934883,2011,7.225583705
1912,20.94875347,-156.6935595,2012,61.284222426
1918,20.94897064,-156.694731,2011,0
1931,20.94960976,-156.6937866,2009,3.687847
1940,20.94986675,-156.6933639,2011,3.612961379
1952,20.9502457,-156.6940474,2011,174.971107572
1952,20.9502457,-156.6940474,2012,1.3478175
1961,20.95041686,-156.6934335,2011,0
1964,20.95052096,-156.6941316,2011,8.187551145
1966,20.95058927,-156.6929206,2010,6.6118417
1967,20.95060252,-156.693104,2011,3.402748
1969,20.95064225,-156.6939503,2011,0
1971,20.95066228,-156.6936219,2011,0
1973,20.95069958,-156.6926436,2011,11.33422
1977,20.95084274,-156.6945171,2011,19.397532419
1983,20.95099563,-156.6928543,2012,17.897636
1986,20.95114122,-156.6920775,2011,6.999964
1987,20.95114424,-156.6929396,2011,0.06486393
1993,20.95122244,-156.6923328,2011,20.044708
1994,20.95122512,-156.6915908,2011,6.760803
1995,20.95123678,-156.6926331,2011,3.818699719
2000,20.95136108,-156.6936596,2011,0
2003,20.95139176,-156.692364,2011,0
2006,20.95153743,-156.6913003,2011,0
2008,20.95156241,-156.691294,2011,0
2021,20.95192568,-156.6919124,2010,2.975748
2024,20.95230279,-156.6911572,2011,7.4119759
2025,20.95244913,-156.6915683,2011,16.35293893
2026,20.95271945,-156.6916835,2011,8.449018
1439,20.93546405,-156.6933984,2010,0
1440,20.93575884,-156.6932413,2011,3.1628784
1441,20.93582866,-156.6934171,2012,5.384989456
1442,20.93585439,-156.6934558,2011,23.23790161
1443,20.93586973,-156.6931759,2012,3.84647648
1444,20.93587392,-156.69364,2011,19.66086408
1445,20.93588951,-156.6933554,2011,34.40828897
1446,20.93589244,-156.6932365,2010,23.82225028
1447,20.93589295,-156.6932101,2012,9.231465936
1448,20.93590116,-156.6934661,2012,16.03928172
1449,20.93590602,-156.6933272,2010,0
1450,20.93596679,-156.6931958,2011,12.75449546
1451,20.93597459,-156.6931773,2012,0
1452,20.93599604,-156.6931689,2011,16.46110796
1453,20.93602753,-156.6934967,2008,0
1454,20.93604315,-156.6933795,2011,0
1455,20.93606737,-156.6935429,2011,4.72002674
1456,20.93607768,-156.6933992,2012,18.232358034
1457,20.93608284,-156.6934509,2008,0
1458,20.93609864,-156.6933352,2010,17.0325997975
1459,20.93611526,-156.6935577,2008,0
1460,20.93613552,-156.6935618,2012,0
1461,20.93619637,-156.6934157,2012,29.256979686
1462,20.93622169,-156.6935506,2010,74.61069044
1463,20.93622398,-156.6934204,2009,0
1464,20.93625136,-156.6935354,2012,0
1465,20.93629265,-156.6934967,2009,5.955791996
1466,20.93631172,-156.6933441,2009,6.57240764565
1468,20.9363842,-156.6936188,2008,10.769978912
1469,20.93638992,-156.6936188,2008,0
1470,20.93639755,-156.6933441,2008,0
1472,20.93641103,-156.6934506,2010,0
1473,20.93641581,-156.6934257,2012,0
1474,20.93641663,-156.6936035,2008,0
1475,20.93645613,-156.6932167,2012,0
1476,20.93647029,-156.6932759,2011,46.82563285
1477,20.93648756,-156.6932672,2012,16.03928172
1478,20.93649628,-156.6934591,2011,38.742081702
1479,20.93653182,-156.693583,2012,0
1480,20.93656652,-156.6934194,2012,0
1481,20.93658257,-156.6933289,2008,42.691208294
1482,20.936592,-156.6934168,2012,40.19225003
1483,20.93663216,-156.6930847,2009,17.730179159
1484,20.93663406,-156.6936798,2008,0
1485,20.93664598,-156.6933889,2011,4.72002674
1486,20.93665226,-156.6935541,2010,0
1488,20.93676758,-156.6936951,2008,0
1489,20.93676869,-156.6936611,2012,6.190749719
1490,20.93680381,-156.6932391,2010,5.384989456
1491,20.93682166,-156.6935531,2012,11.35030468
1492,20.93683113,-156.6936266,2011,29.079313472
1493,20.93684387,-156.6934357,2009,0.0558785073
1494,20.93684664,-156.6930906,2012,0
1495,20.93688393,-156.6936951,2008,0
1496,20.93695845,-156.6934237,2012,0.57080254
1497,20.93698285,-156.6936758,2010,0
1498,20.9370842,-156.6935883,2008,0
1499,20.9371109,-156.6931152,2009,11.35459113
1500,20.93718529,-156.6937408,2008,0
1501,20.93721962,-156.6939087,2008,0
1502,20.93723106,-156.6938934,2008,0
1503,20.93727713,-156.6938296,2012,0
1504,20.93731946,-156.6939224,2011,0
1505,20.93736649,-156.6931458,2009,0
1506,20.93749356,-156.6931384,2012,0
1507,20.93750381,-156.6937714,2008,0
1508,20.93756187,-156.6937568,2012,11.6189535
1509,20.93757318,-156.6937182,2012,0
1510,20.93757788,-156.6935025,2011,55.167599564
1511,20.93758157,-156.6937218,2011,0
1512,20.93766594,-156.6935272,2008,80.2794643
1513,20.93768047,-156.6932637,2012,4.834562117
1514,20.93769264,-156.6939545,2009,0
1515,20.93769967,-156.6935394,2012,0
1516,20.93770027,-156.6936798,2008,22.70060936
1517,20.93787493,-156.6934313,2012,27.29422124
1518,20.93789438,-156.6939225,2012,0
1519,20.9379158,-156.6939392,2008,2.193076314
1520,20.93793678,-156.693512,2008,41.05085508
1521,20.9379668,-156.6936603,2010,4.834562117
1522,20.93797302,-156.693161,2008,0
1523,20.93798256,-156.6937408,2008,5.384989456
1524,20.93801172,-156.6936614,2012,16.03928172
1525,20.93803024,-156.6938934,2008,0
1526,20.9380455,-156.693161,2008,0
1527,20.93808365,-156.6940613,2008,0
1528,20.93808365,-156.6939392,2008,0
1529,20.93815041,-156.6936798,2008,40.18898028
1530,20.93815061,-156.6937637,2011,28.02072889
1531,20.93816243,-156.693852,2012,0
1532,20.93819427,-156.693985,2009,3.84647648
1533,20.93824072,-156.6935945,2011,9.72545486
1534,20.9382631,-156.6939984,2011,184.3182231
1535,20.93826335,-156.6937731,2012,0
1536,20.93827057,-156.6931305,2008,4.58986788
1537,20.93832207,-156.6937866,2008,0
1538,20.93832588,-156.6936188,2008,0.28540138
1539,20.93833091,-156.694207,2011,3.32142734
1541,20.93833351,-156.6935425,2008,0
1542,20.9383564,-156.6935577,2008,0.02154537
1543,20.93836403,-156.6937103,2009,0
1544,20.93839008,-156.69341,2012,0
1545,20.93840215,-156.6937905,2011,0
1546,20.93840266,-156.693739,2012,11.008072669
1547,20.93840978,-156.6940099,2012,0
1548,20.93842697,-156.6939392,2008,0
1549,20.93844223,-156.6938477,2008,0
1550,20.93845664,-156.6938442,2010,4.5329151525
1551,20.93855476,-156.6933899,2008,6.54058305
1552,20.93858153,-156.6936452,2010,0
1553,20.9386008,-156.6934795,2012,66.711039974
1554,20.93862578,-156.6931556,2010,0
1555,20.93864045,-156.6937804,2011,0
1556,20.93866015,-156.6939864,2012,16.809969
1557,20.93867493,-156.6931152,2008,3.84647648
1558,20.9387039,-156.6937934,2012,0
1559,20.9387188,-156.6934814,2009,0
1560,20.93879007,-156.6931032,2012,0
1561,20.93895149,-156.6933899,2009,17.207453758
1562,20.93898319,-156.6935936,2012,0
1563,20.93902779,-156.6934204,2008,2.417280789
1564,20.93903732,-156.6932678,2008,23.59335888
1565,20.93903923,-156.6931,2008,5.007263502
1566,20.93906975,-156.693634,2009,0.57080254
1567,20.93909645,-156.6931305,2009,83.23937675
1568,20.93910027,-156.6934967,2008,0
1569,20.93913078,-156.6938782,2009,28.32015758
1570,20.93913651,-156.6935272,2008,0.0072238446
1571,20.93914144,-156.6937773,2011,3.404427872
1572,20.93915485,-156.693063,2011,1.252186572
1573,20.93915921,-156.6934111,2011,0
1574,20.93918419,-156.6936951,2008,0
1575,20.93921661,-156.6930695,2008,1.6545057956
1576,20.93923569,-156.6937256,2008,0
1577,20.93927765,-156.6932831,2008,0
1578,20.93931198,-156.6939392,2008,12.08640664
1579,20.93934763,-156.6937617,2012,14.35398547
1580,20.93935585,-156.6930389,2008,3.84647648
1581,20.93936649,-156.6929941,2012,0
1582,20.93937492,-156.6932068,2008,5.4136462975
1583,20.93941689,-156.6936951,2008,0
1584,20.93948141,-156.693271,2012,0
1585,20.93950272,-156.6930237,2009,0
1586,20.93955612,-156.6931305,2009,9.578877517
1587,20.93963446,-156.6934701,2011,1.58143876
1588,20.93963814,-156.6935272,2008,0
1589,20.93968316,-156.6937266,2011,11.6189535
1590,20.93968582,-156.693512,2009,4.72002674
1591,20.93968836,-156.6938282,2011,0
1592,20.93971634,-156.6937561,2009,0.805760263
1593,20.93973538,-156.6931852,2011,6.80649516
1594,20.93976262,-156.6929686,2012,0
1595,20.93976539,-156.6935872,2010,0
1596,20.93977234,-156.6939112,2010,0
1597,20.93977259,-156.6933385,2010,56.51366338
1598,20.93977419,-156.6934504,2010,17.85916132
1599,20.93978936,-156.6934692,2011,1.58143876
1600,20.93980408,-156.6937256,2008,0
1601,20.93980408,-156.6935577,2008,0
1602,20.93980763,-156.6934967,2012,0
1603,20.93982372,-156.6938219,2012,0
1604,20.93982506,-156.6931763,2008,0.2579115882
1605,20.93984049,-156.6937823,2012,0
1606,20.93995094,-156.6934204,2008,0
1607,20.93997007,-156.693482,2012,3.3391638
1608,20.93997535,-156.6929641,2012,0
1609,20.94000244,-156.6938324,2009,0
1610,20.94002455,-156.6935649,2011,0
1611,20.94004015,-156.6932774,2011,0.805760263
1612,20.94008708,-156.6935521,2012,2.417280789
1613,20.94008842,-156.6935682,2010,0
1614,20.94008851,-156.6935271,2010,16.03928172
1615,20.94011013,-156.6936367,2011,0
1616,20.94020711,-156.6932904,2011,19.33813308
1617,20.94021606,-156.6932831,2009,0
1618,20.9402797,-156.6929005,2010,16.15496729
1619,20.94029999,-156.6932068,2008,0
1620,20.94033284,-156.6933551,2012,0
1621,20.94039345,-156.6930695,2009,11.35030468
1622,20.94042969,-156.6929169,2009,11.53942944
1623,20.94055396,-156.6930236,2010,19.52657278
1624,20.94058908,-156.6932624,2011,0
1625,20.94059302,-156.6932792,2012,13.20039226
1626,20.94063677,-156.6932655,2012,0
1627,20.94065898,-156.6930565,2012,0
1628,20.9407177,-156.6942596,2009,0.0558785073
1629,20.94077943,-156.6928442,2010,16.15496729
1630,20.94078445,-156.6929016,2009,6.996509982
1631,20.94080575,-156.6931346,2010,6.44608426
1632,20.94081522,-156.6929325,2010,0
1633,20.94082109,-156.6932308,2012,14.3734338
1634,20.94084358,-156.6944885,2009,0
1635,20.94084598,-156.6931755,2012,39.807039163
1636,20.94087982,-156.6929932,2008,0
1637,20.94092941,-156.6930084,2009,0
1638,20.94094276,-156.6928558,2009,8.2637555
1639,20.94100952,-156.6938782,2008,30.77181184
1640,20.94101328,-156.6931503,2010,0
1641,20.94108391,-156.6940155,2008,18.59736769
1642,20.94108391,-156.693924,2008,0
1643,20.94108772,-156.6940155,2008,0
1644,20.94110339,-156.6938417,2012,5.384989456
1645,20.94114161,-156.6938954,2010,0
1646,20.9411577,-156.6946646,2012,3.846339243
1647,20.94115963,-156.6930582,2010,18.539447558
1648,20.94119651,-156.6940374,2012,1.638752443
1649,20.94124898,-156.6928504,2012,0
1650,20.94125748,-156.6941681,2009,0
1651,20.9413064,-156.6930399,2012,4.834562117
1652,20.94134331,-156.6928711,2008,0
1653,20.94135946,-156.6940567,2012,6.3257546
1654,20.94142914,-156.6947174,2009,0
1655,20.94143271,-156.6928044,2012,0
1656,20.94148254,-156.6945343,2008,0
1657,20.94148703,-156.6942208,2011,0
1658,20.94154269,-156.6942741,2011,8.823210716
1659,20.94159608,-156.6943649,2012,0
1660,20.94160882,-156.6943497,2011,0.805760263
1661,20.94160899,-156.6945939,2012,0
1662,20.94161034,-156.6930542,2008,0
1663,20.94161259,-156.6947185,2011,9.589874866
1664,20.94163304,-156.6947197,2012,0
1665,20.94174576,-156.6929779,2009,5.384989456
1666,20.94177628,-156.6943054,2009,0
1667,20.94178107,-156.6929059,2010,21.539956746
1668,20.94184988,-156.6927137,2012,0
1669,20.94188499,-156.6949463,2009,0
1670,20.94191886,-156.6946766,2011,0
1671,20.94192322,-156.6945931,2011,0
1672,20.94193965,-156.694386,2011,0
1673,20.94197273,-156.6945648,2009,4.7443154
1674,20.94199753,-156.6928101,2008,0
1675,20.94214058,-156.6927032,2009,0
1676,20.94231606,-156.6960297,2008,32.309936736
1677,20.94234276,-156.6927948,2009,0
1678,20.94239336,-156.692826,2011,0
1679,20.94261498,-156.6943492,2012,8.0727196
1680,20.9426496,-156.6945315,2012,86.28389058
1681,20.94265002,-156.6949203,2012,2.4424004
1682,20.94266452,-156.6945357,2011,12.303676001
1683,20.94266703,-156.6949368,2012,4.7443154
1684,20.94268086,-156.6944219,2010,2.4424004
1685,20.94268799,-156.693924,2008,0
1686,20.94269008,-156.6943799,2012,6.966428216
1687,20.94271439,-156.6948491,2012,7.25230176
1688,20.942745,-156.694891,2011,0
1689,20.94275194,-156.6946781,2012,2.4424004
1690,20.94275245,-156.6929005,2012,6.50885664
1691,20.94275597,-156.6947205,2012,5.670863
1692,20.94276393,-156.6944259,2010,4.7443154
1693,20.94278061,-156.6938319,2010,0
1694,20.94289133,-156.6947662,2010,18.036645
1695,20.94290709,-156.6946075,2012,15.2999792
1696,20.94292972,-156.6942941,2012,19.42375996
1697,20.94293213,-156.693573,2008,0
1698,20.94297658,-156.6943944,2010,14.8737666
1699,20.94309183,-156.6946182,2011,16.92096714
1700,20.94309753,-156.6947255,2012,4.7443154
1701,20.94311142,-156.6944122,2008,1.535504602
1702,20.94315394,-156.6946692,2012,12.9575204
1703,20.94318839,-156.6943307,2012,19.621908637
1704,20.943194,-156.694524,2011,8.1132634
1705,20.94322401,-156.6945183,2012,8.768155
1706,20.94328243,-156.6946738,2012,60.979737641
1707,20.9432971,-156.6943668,2010,42.37024616
1708,20.94332132,-156.6945541,2012,0.28540138
1709,20.94332811,-156.6945684,2010,0
1710,20.94335636,-156.6946533,2011,14.8737666
1711,20.94337522,-156.6946026,2012,33.61934994
1712,20.94338084,-156.6929294,2012,0
1713,20.94338989,-156.6933899,2009,0
1714,20.9434166,-156.6944122,2008,18.938756716
1715,20.94347572,-156.6931,2009,0
1716,20.94355011,-156.6935425,2008,0
1717,20.94359072,-156.6944105,2011,0
1718,20.94363464,-156.693204,2012,0
1719,20.94364671,-156.694079,2011,0
1720,20.94366901,-156.6931524,2011,0
1722,20.94372368,-156.6948547,2009,11.62712738
1723,20.9437866,-156.6945474,2012,38.7194104
1724,20.94379044,-156.6946259,2008,2.8026394
1725,20.94382477,-156.6944122,2008,0
1726,20.94382751,-156.6934841,2011,0
1727,20.94383832,-156.6946334,2012,8.0727196
1728,20.94384234,-156.6932147,2011,0.227820281
1729,20.94385953,-156.6942803,2010,0
1730,20.94388962,-156.6949921,2009,1.86684014
1731,20.94393349,-156.6947174,2008,0
1732,20.94396591,-156.6929779,2009,0
1733,20.94396858,-156.6935281,2012,0
1734,20.9439888,-156.6942444,2009,12.212002
1736,20.94402122,-156.6930847,2009,0
1737,20.94403076,-156.694519,2008,10.5556638
1738,20.94403203,-156.6942585,2011,0
1739,20.94407272,-156.692749,2009,0
1740,20.94407402,-156.6940217,2011,0.57080254
1741,20.94408417,-156.6932526,2008,21.56789599965
1742,20.94408517,-156.6948011,2012,0
1743,20.9440937,-156.6946716,2008,4.8848008
1744,20.94410896,-156.6950836,2008,23.72750039
1745,20.94419723,-156.6940795,2012,0
1746,20.94419941,-156.6936663,2012,0
1747,20.94422003,-156.6950352,2011,0
1748,20.944224,-156.695247,2011,52.377972372
1749,20.94424057,-156.6938324,2009,0
1750,20.94428253,-156.6947021,2009,0
1751,20.94428608,-156.6941925,2010,0
1753,20.94431517,-156.6947294,2011,6.46623956
1754,20.94431525,-156.6939583,2010,2.803569263
1755,20.94432514,-156.6943408,2011,0
1756,20.94436278,-156.6943633,2010,0
1757,20.94439002,-156.6939201,2012,4.00370082
1758,20.94440242,-156.6950723,2010,5.670863
1759,20.94442346,-156.6931412,2010,5.384989456
1760,20.94443084,-156.6950383,2012,23.07885888
1761,20.94443603,-156.6946849,2011,6.80649516
1762,20.94443846,-156.693812,2012,0
1763,20.94443914,-156.6947985,2010,8.1132634
1764,20.94444693,-156.6938033,2012,0
1765,20.94449177,-156.6940001,2010,0
1766,20.94452095,-156.6937561,2009,2.4424004
1767,20.94453049,-156.6950684,2009,5.670863
1768,20.94453653,-156.6946176,2010,23.33131084
1769,20.94454139,-156.6953495,2010,0
1770,20.94455816,-156.6949791,2012,52.3129684
1771,20.94461823,-156.6936951,2008,0
1772,20.94462153,-156.6945665,2012,6.3257546
1773,20.94466981,-156.6950976,2011,0
1774,20.94468117,-156.6953125,2009,2.79961968
1775,20.94471169,-156.6954803,2009,0
1776,20.94475572,-156.6948661,2012,41.8352693
1777,20.94477307,-156.6933637,2010,21.000026036
1778,20.94478447,-156.6954029,2011,19.029257412
1779,20.94483694,-156.6941022,2012,7.827389856
1780,20.94486561,-156.6940254,2011,0
1781,20.94490685,-156.695288,2010,0
1782,20.94490814,-156.6935425,2008,8.7723064
1783,20.94491766,-156.6937674,2012,0
1784,20.94501246,-156.695671,2011,10.5556638
1785,20.94501891,-156.6953635,2010,6.50885664
1786,20.94504691,-156.6955989,2010,0
1787,20.94507691,-156.6955041,2010,4.8848008
1788,20.94511145,-156.6949024,2012,0
1789,20.94516754,-156.6942596,2008,0
1790,20.94519424,-156.6946106,2008,0
1791,20.94520424,-156.6934602,2012,44.06001061
1792,20.94522667,-156.6934357,2009,20.00144377
1793,20.94524002,-156.6947479,2009,4.72002674
1794,20.94531848,-156.6947806,2011,0
1795,20.94532561,-156.6950682,2012,7.22176114
1796,20.94535446,-156.6940765,2008,0
1797,20.94535828,-156.6937408,2009,0
1798,20.94540024,-156.6936188,2009,5.384989456
1799,20.94541286,-156.6940607,2010,0
1800,20.94545364,-156.694931,2008,0
1801,20.94546127,-156.6951294,2008,0
1802,20.94552803,-156.694931,2009,0
1803,20.94554136,-156.6939322,2011,0
1804,20.94561118,-156.6944531,2012,0
1805,20.94561478,-156.6950702,2012,7.992476063
1806,20.94565518,-156.6938871,2010,11.6189535
1807,20.94566536,-156.6952057,2009,0
1808,20.94567871,-156.6950378,2008,0
1809,20.94580078,-156.6942596,2008,0
1810,20.9458065,-156.6954498,2009,51.22610426
1811,20.9458369,-156.6952673,2010,0
1812,20.94584846,-156.6953888,2009,0
1813,20.94587135,-156.6949005,2009,0
1814,20.945912,-156.6931115,2011,0
1815,20.94592994,-156.6957199,2012,0
1816,20.94594469,-156.6953607,2012,0
1817,20.94594662,-156.6950055,2012,15.38590592
1818,20.94601468,-156.6950706,2010,0
1819,20.94602394,-156.6951447,2008,0
1820,20.94603348,-156.6937408,2009,0
1821,20.94603729,-156.6940765,2009,0
1822,20.94605315,-156.6956418,2011,7.827389856
1823,20.94606209,-156.6953888,2009,0
1824,20.94607595,-156.6933592,2011,0
1825,20.94607654,-156.6939084,2011,3.84647648
1826,20.94608794,-156.6936345,2011,16.15496729
1827,20.94608879,-156.6933746,2009,0
1828,20.94609624,-156.6951652,2011,14.8737666
1829,20.94611549,-156.6940765,2008,0
1830,20.94611944,-156.6955361,2012,45.4799136
1831,20.94614029,-156.6950226,2009,0
1832,20.94616318,-156.6950989,2009,0
1833,20.94619296,-156.6949731,2010,8.69252771
1834,20.94622993,-156.6954801,2012,24.5097633
1835,20.9462471,-156.6952057,2008,0
1836,20.94628299,-156.6947862,2011,0
1837,20.94629372,-156.6949926,2012,24.22046396
1838,20.94630623,-156.695282,2009,0
1839,20.94634334,-156.6955181,2011,59.224888712
1840,20.94635963,-156.6951752,2008,0
1841,20.94637351,-156.6952655,2010,8.0727196
1842,20.94639397,-156.6945648,2009,0
1843,20.94639857,-156.6953635,2011,0
1844,20.94641113,-156.6954498,2008,4.8848008
1845,20.94643211,-156.6950226,2008,0
1846,20.94645197,-156.6950718,2011,44.75336514
1847,20.94647686,-156.6957629,2012,17.003942956
1848,20.94649203,-156.6955681,2012,14.3734338
1849,20.94651441,-156.6945934,2011,0
1850,20.9465155,-156.6934752,2011,0
1851,20.94654727,-156.6942995,2011,0
1852,20.94656168,-156.6943542,2012,22.14014
1853,20.94657761,-156.6955795,2010,2.204303112
1854,20.94681931,-156.6938629,2009,49.23435671
1855,20.94684029,-156.6941986,2009,0
1857,20.94691658,-156.693924,2008,36.137108146
1858,20.94697684,-156.6940984,2011,8.799271712
1859,20.94699268,-156.6943967,2012,5.384989456
1860,20.9470005,-156.6943054,2008,123.3014882
1861,20.9470418,-156.693561,2011,0
1862,20.94704406,-156.6939211,2011,27.3776844
1863,20.94706345,-156.694046,2009,53.95477153
1864,20.9470905,-156.6943033,2012,30.642362662
1865,20.94713375,-156.6941756,2012,11.635774716
1866,20.94714737,-156.6937714,2009,0
1867,20.94716501,-156.6943377,2011,19.2323824
1868,20.94717789,-156.6943512,2009,14.6765240666
1869,20.94717859,-156.6941381,2010,0
1870,20.94726484,-156.6942012,2011,34.135299704
1871,20.94730568,-156.6944733,2008,4.834562117
1872,20.94732896,-156.6944572,2011,5.64032238
1873,20.94738579,-156.6944981,2012,4.8848008
1874,20.94741865,-156.6943304,2011,12.173499534
1875,20.94748009,-156.6944734,2012,0
1876,20.9475018,-156.6937051,2011,60.549285412
1877,20.94750792,-156.6942397,2012,0
1878,20.94757841,-156.6943026,2011,0
1879,20.94762082,-156.6945533,2011,16.03928172
1880,20.94765301,-156.6938585,2012,14.63556901
1881,20.9477634,-156.694316,2012,7.050008256
1882,20.94777823,-156.6947257,2011,31.59209196
1883,20.94781201,-156.6945988,2010,0
1884,20.94783967,-156.6946748,2012,2.4424004
1885,20.94796562,-156.6939087,2009,0
1886,20.94799574,-156.6938858,2012,21.843722302
1888,20.94800377,-156.6942749,2009,0.0718179
1889,20.94801521,-156.6935883,2009,0
1890,20.94811058,-156.6940613,2008,2.4424004
1891,20.94811854,-156.6950731,2012,0
1892,20.94812692,-156.6945418,2010,0
1893,20.94813555,-156.6942351,2011,0
1894,20.94822398,-156.6940006,2010,64.73461295
1895,20.94824385,-156.694408,2010,0
1896,20.94827788,-156.6950007,2010,14.8737666
1897,20.94829054,-156.6949128,2012,2.4424004
1898,20.94832993,-156.6945953,2009,0
1899,20.94836438,-156.6941305,2012,94.37731688
1900,20.94837234,-156.6950759,2012,3.1628784
1901,20.94839908,-156.6941526,2010,1.571785358
1902,20.94840612,-156.6937986,2012,29.342616149
1903,20.94842255,-156.6932054,2012,17.012589
1904,20.94842911,-156.6939697,2008,0
1905,20.94851048,-156.6950749,2012,14.105679024
1906,20.94852858,-156.6939352,2010,0
1907,20.94856496,-156.694507,2011,20.9521378
1908,20.94857711,-156.6945098,2012,0
1909,20.94861919,-156.6934883,2011,33.69159189
1910,20.94863892,-156.6947784,2009,0
1911,20.94870251,-156.6933012,2012,107.94139584
1912,20.94875347,-156.6935595,2012,137.97634323
1913,20.94877099,-156.6950775,2011,14.8737666
1914,20.94879913,-156.693924,2008,35.12035549
1915,20.94888115,-156.694809,2009,0
1916,20.94888205,-156.6938203,2012,121.904116042
1917,20.94890434,-156.6935486,2011,14.8737666
1918,20.94897064,-156.694731,2012,0
1919,20.94908623,-156.6937131,2011,39.46259306
1920,20.94909668,-156.6933289,2009,25.50608654
1921,20.94910434,-156.6933722,2011,0
1922,20.94913864,-156.6940155,2008,9.96428023
1923,20.94918633,-156.6943665,2008,53.84989456
1924,20.9492765,-156.6938361,2011,6.763983601
1925,20.94928551,-156.6935883,2009,49.95757547
1926,20.94931707,-156.6940302,2012,14.8737666
1927,20.94932361,-156.693459,2011,0
1928,20.94949552,-156.6936047,2011,3.192959286
1929,20.94952343,-156.6935178,2011,30.606147
1930,20.94956375,-156.694104,2012,11.6189535
1931,20.94960976,-156.6937866,2009,8.1132634
1932,20.94963837,-156.6937714,2008,0
1933,20.94969368,-156.6942749,2008,0
1934,20.94976659,-156.6937999,2012,64.03815726
1935,20.94977531,-156.6934603,2010,0
1936,20.94977723,-156.6938169,2011,2.193076314
1937,20.94978333,-156.6932983,2008,46.474257456
1938,20.94981269,-156.6930238,2011,103.71680857
1939,20.94982338,-156.693222,2008,2.193076314
1940,20.94986675,-156.6933639,2011,12.88720367
1941,20.94987002,-156.693987,2011,24.8394333
1942,20.94990921,-156.6932373,2009,6.039552794
1943,20.94993401,-156.6938019,2008,11.6189535
1944,20.9499815,-156.6940203,2010,0
1945,20.94998527,-156.6932864,2010,0
1946,20.94998812,-156.6926957,2010,9.75076821
1947,20.9500017,-156.6935155,2011,10.39088974
1948,20.95003319,-156.6935425,2008,0
1949,20.95008659,-156.6934967,2008,0
1950,20.95013428,-156.6935272,2009,40.00288754
1951,20.95018292,-156.6931958,2010,21.424271176
1952,20.9502457,-156.6940474,2012,58.687285186
1953,20.95028305,-156.6941223,2008,32.1635831
1954,20.95028367,-156.6924837,2010,40.25744052
1955,20.95030403,-156.693985,2008,1.6673990333
1956,20.95030881,-156.6929294,2010,51.0118224
1957,20.9503094,-156.6930991,2011,0
1958,20.95037651,-156.6936646,2009,0
1959,20.95039532,-156.694129,2010,5.491927674
1960,20.95039926,-156.6935357,2011,18.17261796
1961,20.95041686,-156.6934335,2012,0
1962,20.95048904,-156.6929474,2009,0
1963,20.95051643,-156.6941715,2011,49.870568
1964,20.95052096,-156.6941316,2012,8.743496562
1966,20.95058927,-156.6929206,2010,34.825344686
1967,20.95060252,-156.693104,2012,8.18365216
1968,20.95063906,-156.693028,2010,22.7271198
1969,20.95064225,-156.6939503,2012,0
1970,20.95066071,-156.6930542,2009,12.479626599
1971,20.95066228,-156.6936219,2012,0
1972,20.95068332,-156.694084,2010,12.9980642
1973,20.95069958,-156.6926436,2012,24.935284
1974,20.9508152,-156.6930847,2009,7.69295296
1975,20.95082548,-156.6944175,2011,0
1976,20.95083511,-156.6944928,2010,0.0286568415
1977,20.95084274,-156.6945171,2012,20.835566672
1978,20.95085045,-156.6927255,2010,12.9575204
1980,20.95086596,-156.6937075,2011,0
1981,20.95093377,-156.6927752,2010,0.502666209
1982,20.95096397,-156.6922455,2009,72.05271999365
1983,20.95099563,-156.6928543,2012,59.11635261
1984,20.95103836,-156.6934509,2008,0
1985,20.95114122,-156.6939157,2010,0
1986,20.95114122,-156.6920775,2012,15.3999208
1987,20.95114424,-156.6929396,2012,0.28540138
1988,20.95114708,-156.6926117,2009,0
1989,20.95116025,-156.6932583,2010,6.50885664
1990,20.95116922,-156.693621,2010,0
1991,20.95120526,-156.6929989,2012,53.256396078
1992,20.95122147,-156.6934967,2008,3.32142734
1993,20.95122244,-156.6923328,2012,44.0983576
1994,20.95122512,-156.6915908,2012,14.8737666
1995,20.95123678,-156.6926331,2012,8.9504958196
1996,20.95126209,-156.693197,2011,5.7492592399
1997,20.95130995,-156.6937204,2010,3.29885136
1998,20.95131665,-156.6928407,2012,161.37286607622
1999,20.95132101,-156.6931242,2010,19.7585674
2000,20.95136108,-156.6936596,2012,0
2001,20.95137097,-156.6930915,2011,0
2002,20.95138168,-156.6930695,2009,35.132531456
2003,20.95139176,-156.692364,2012,0
2004,20.9514283,-156.6918334,2012,38.3606003
2005,20.95153123,-156.6929617,2011,2.4424004
2006,20.95153743,-156.6913003,2012,0
2007,20.95155334,-156.6911316,2009,0.805760263
2008,20.95156241,-156.691294,2012,0
2009,20.95162582,-156.6913452,2009,5.384989456
2010,20.95163918,-156.6938629,2008,0
2011,20.95168395,-156.6925376,2011,2.4424004
2012,20.95171044,-156.6929661,2012,75.7259734
2013,20.95172343,-156.6913929,2012,48.018059859
2014,20.95173264,-156.6920471,2009,4.8848008
2015,20.95173265,-156.6928309,2011,42.973211886
2016,20.95180511,-156.6923828,2009,17.92773675
2017,20.95181656,-156.6927338,2009,8.1132634
2018,20.95186424,-156.6916199,2009,14.8737666
2019,20.95189861,-156.6922529,2010,11.851229016
2020,20.95189911,-156.6929011,2012,24.99053876
2021,20.95192568,-156.6919124,2010,16.03928172
2022,20.95208544,-156.6915964,2010,3.8211602
2023,20.95227504,-156.6912924,2012,19.16434677
2024,20.95230279,-156.6911572,2012,26.305077634
2025,20.95244913,-156.6915683,2012,38.49132298
2026,20.95271945,-156.6916835,2012,18.5878396
2027,20.9529269,-156.690941,2012,46.279021426
2028,20.95341565,-156.6916269,2012,9.43306812
2029,20.95344004,-156.6913749,2011,4.8848008
2030,20.95347365,-156.6917345,2011,0
5692,20.93548793,-156.6930899,2010,8.03316379
5693,20.93593108,-156.6934344,2013,5.384989456
5694,20.93593216,-156.6934204,2008,0
5695,20.93617626,-156.6934494,2011,0
5696,20.93623945,-156.6933693,2013,0.805760263
5697,20.9362465,-156.6935349,2011,54.8280337
5698,20.93625085,-156.6931979,2011,10.76997999
5699,20.93650902,-156.6933867,2011,16.03928172
5700,20.93667339,-156.6933652,2013,0
5701,20.9366966,-156.6931558,2011,5.384989456
5702,20.93682242,-156.6932021,2011,0
5703,20.93694496,-156.6933594,2008,0
5704,20.93696566,-156.6937748,2010,0
5705,20.93698311,-156.6934814,2008,0
5706,20.93703942,-156.6936934,2013,0
5707,20.93709449,-156.6934882,2011,0
5708,20.93709946,-156.6936951,2008,2.4424004
5709,20.93713379,-156.6938629,2008,27.29422124
5710,20.9371898,-156.693695,2011,0
5711,20.93721494,-156.693716,2013,0
5712,20.93727797,-156.6931879,2011,16.15496729
5713,20.93731536,-156.6935368,2013,0
5714,20.93747579,-156.6934735,2013,17.003942956
5715,20.93753538,-156.6939586,2013,0.28540138
5716,20.93754959,-156.6932678,2008,37.69492727
5717,20.93758576,-156.6935353,2011,22.8833462
5718,20.93758965,-156.6940155,2008,0
5719,20.93765407,-156.6931808,2013,0
5720,20.93769263,-156.6930958,2011,0
5721,20.93771744,-156.6939697,2008,0
5722,20.93778525,-156.6939518,2011,0
5723,20.93781492,-156.6936313,2011,28.02072889
5724,20.93781662,-156.693512,2008,4.72002674
5725,20.93784149,-156.6931594,2011,0
5726,20.93787493,-156.6937795,2011,0
5727,20.93790335,-156.6933246,2011,16.06632579
5728,20.93794651,-156.6931585,2013,0
5729,20.93808365,-156.693634,2008,40.86392882
5730,20.93818003,-156.6936375,2011,4.73435516222
5731,20.93853962,-156.6936557,2013,6.44608426
5732,20.93854004,-156.6938537,2011,0
5733,20.93854716,-156.6931009,2011,0
5734,20.93858337,-156.6939392,2008,0
5735,20.93860189,-156.6938925,2013,0
5736,20.93863115,-156.6931264,2011,0
5737,20.93866685,-156.6935139,2011,17.932954975
5738,20.93867389,-156.6933717,2013,47.73982796
5739,20.93875989,-156.6930852,2011,6.263757269
5740,20.93885494,-156.6938814,2011,2.4424004
5741,20.93896675,-156.6939392,2008,9.44005348
5742,20.93900464,-156.6934588,2013,0
5743,20.93900733,-156.6930671,2011,0
5744,20.93923003,-156.6937737,2013,0
5745,20.93924713,-156.6937714,2008,0
5746,20.93924738,-156.6936221,2011,0
5747,20.93936157,-156.6940308,2008,0
5748,20.93953438,-156.6937671,2011,0.805760263
5749,20.93954086,-156.6933289,2009,103.7168275
5750,20.93965667,-156.6935197,2013,2.377545621
5751,20.93971677,-156.6937234,2011,0
5752,20.93978458,-156.6932802,2011,11.6189535
5753,20.93981249,-156.6938823,2013,14.61645647
5754,20.93984334,-156.6932198,2011,16.33898024
5755,20.93986262,-156.6929866,2013,0
5756,20.9399171,-156.6933283,2013,8.520290422
5757,20.93992892,-156.6934738,2011,11.721754814
5758,20.93998231,-156.6937951,2011,16.03928172
5759,20.94001961,-156.6933194,2011,11.6189535
5760,20.94009035,-156.6935381,2011,0
5761,20.94009086,-156.6929205,2011,21.53995998
5762,20.9401564,-156.6929717,2011,0
5763,20.94021809,-156.6929278,2013,11.6189535
5764,20.94067122,-156.6931759,2011,16.03928172
5765,20.94084598,-156.6945278,2013,1.71240762
5766,20.94086643,-156.6931568,2011,4.72002674
5767,20.94087708,-156.6932895,2013,22.54813836
5768,20.94088936,-156.693161,2008,24.894546403688
5769,20.94116072,-156.6938578,2011,0
5770,20.94144168,-156.6930693,2011,23.2937801173
5771,20.94157973,-156.6943537,2013,11.6189535
5772,20.94159918,-156.693042,2011,16.03928172
5773,20.94160656,-156.6927586,2013,16.629676595
5774,20.94161251,-156.6946947,2013,43.77880177
5775,20.94166756,-156.6931,2008,6.64285289
5776,20.94168282,-156.6963806,2008,33.293369714
5777,20.94177818,-156.6947479,2008,0
5778,20.94196329,-156.6943163,2013,0
5779,20.94197486,-156.6948599,2013,13.457709056
5780,20.94199944,-156.6949768,2008,0
5781,20.94218524,-156.6928913,2013,11.6189535
5782,20.94254835,-156.6949002,2013,0
5783,20.94254994,-156.6926805,2013,28.02072889
5784,20.94262362,-156.6943595,2013,6.50565395
5785,20.94271573,-156.6942636,2011,46.18277763
5786,20.94277658,-156.6947327,2011,19.7585674
5787,20.94294464,-156.6946947,2011,20.235630052
5788,20.94299669,-156.6944464,2011,54.682826
5789,20.94300357,-156.6945813,2013,5.95626438
5790,20.94309158,-156.6943319,2011,7.69295296
5791,20.94321605,-156.6947217,2013,45.35935074
5792,20.94326039,-156.6941603,2011,0
5793,20.94341587,-156.6944943,2013,22.03619374
5794,20.94348335,-156.6930847,2008,0
5795,20.94351143,-156.6932313,2013,11.6189535
5796,20.943626,-156.694604,2013,5.88592048
5797,20.94363889,-156.6929932,2008,16.03928172
5798,20.94364679,-156.6944181,2011,19.7585674
5799,20.94368334,-156.6943673,2011,4.028801854
5800,20.94370346,-156.694486,2011,7.3272012
5801,20.94376607,-156.693582,2013,0
5802,20.94378929,-156.6935737,2011,1.611520526
5803,20.94379767,-156.6927925,2011,0
5804,20.94385886,-156.6946164,2011,10.5556638
5805,20.94388057,-156.694692,2011,16.185983
5806,20.94398886,-156.6944564,2011,0.227820281
5807,20.94400068,-156.694846,2011,14.8737666
5808,20.94408165,-156.6935297,2013,61.88687241
5809,20.94409338,-156.6946554,2011,0
5811,20.94413621,-156.6946138,2013,0.28540138
5812,20.94416618,-156.6943054,2008,6.9064651516
5813,20.94416618,-156.6937256,2008,0
5814,20.94429052,-156.6949643,2013,14.8737666
5815,20.94437359,-156.6947335,2013,26.51672276
5816,20.94451499,-156.6945444,2011,2.001849822
5817,20.94456673,-156.6937408,2008,0
5818,20.94460418,-156.6938182,2013,0
5819,20.94461826,-156.6936891,2013,0
5820,20.94468229,-156.6949078,2013,2.4424004
5821,20.944703,-156.695447,2011,0
5822,20.944715,-156.69516,2011,30.606147
5823,20.94485144,-156.695205,2013,32.812653368
5824,20.94487877,-156.6954725,2013,4.8848008
5825,20.94494549,-156.6938476,2011,0
5826,20.94503584,-156.6943998,2013,0
5827,20.94505688,-156.6957144,2011,19.2323824
5828,20.94508362,-156.6942444,2008,0
5829,20.94522285,-156.693924,2008,0
5830,20.94528068,-156.6942479,2011,0
5831,20.94533013,-156.6955494,2013,31.32897196
5832,20.94536534,-156.6941026,2013,0
5833,20.94536591,-156.6937561,2008,0
5834,20.94544411,-156.6939392,2008,0
5835,20.94566851,-156.694171,2013,0
5836,20.94568253,-156.6943207,2008,7.827389856
5837,20.94569106,-156.6938224,2013,16.15496729
5838,20.94581251,-156.6952024,2013,0
5839,20.94581863,-156.695602,2013,1.58143876
5840,20.94592122,-156.6940422,2013,0
5841,20.94597244,-156.6941376,2008,0
5842,20.94597244,-156.6937714,2008,0
5843,20.94597956,-156.6954571,2013,14.8737666
5844,20.94619447,-156.6958312,2012,5.670863
5845,20.94622171,-156.6953041,2013,0
5846,20.9462285,-156.6956445,2013,5.670863
5847,20.9465332,-156.6944122,2008,71.347324114
5848,20.94658279,-156.6945496,2008,0
5849,20.94660552,-156.6956264,2011,0
5850,20.94672203,-156.6946716,2008,0
5851,20.94681733,-156.6941857,2011,0
5852,20.94686127,-156.693634,2008,0
5853,20.94695091,-156.694046,2008,0
5854,20.94703233,-156.6941486,2013,7.69295296
5855,20.94743189,-156.6944527,2013,0
5856,20.94761658,-156.6938477,2008,0
5857,20.94762652,-156.6942141,2011,16.07033142
5858,20.94766282,-156.6944327,2013,0
5859,20.94769115,-156.6946862,2013,4.8848008
5860,20.94781579,-156.6943656,2010,37.16317563
5861,20.94785267,-156.6936519,2011,37.5792417
5862,20.94791603,-156.6938934,2008,5.384989456
5863,20.94800061,-156.6942092,2013,0
5864,20.94800572,-156.6948807,2013,7.3272012
5866,20.94824611,-156.6937303,2011,5.384989456
5867,20.94834804,-156.6941056,2011,14.58157624
5868,20.94835047,-156.6941079,2011,53.13539187
5869,20.94837553,-156.6945448,2013,164.90312446
5870,20.94846438,-156.6947019,2011,0.417395622
5871,20.94861693,-156.6945821,2013,26.26816938
5872,20.94869423,-156.6948395,2008,0
5873,20.94879244,-156.6938589,2013,100.88339822
5874,20.94891739,-156.6942291,2008,10.269790256
5875,20.94893192,-156.6948418,2011,0
5876,20.94904734,-156.6943172,2013,18.6689272
5877,20.94908333,-156.6945801,2008,20.784910256
5878,20.94910157,-156.694551,2013,30.040428
5879,20.94910467,-156.6945345,2013,25.26465634
5880,20.94911875,-156.6937201,2011,8.88848466
5881,20.9491413,-156.694041,2013,46.8443426
5882,20.94919846,-156.6948783,2011,1.58143876
5883,20.94919913,-156.6947812,2011,0
5884,20.94922587,-156.6948812,2013,54.882990672
5885,20.94930077,-156.6941986,2008,53.2882713
5886,20.9493195,-156.6945506,2011,47.4718409
5887,20.94933291,-156.6946973,2011,0
5888,20.9493537,-156.694402,2013,8.1132634
5889,20.94940382,-156.6947286,2013,56.85262715
5890,20.94940684,-156.6942479,2013,6.44608426
5891,20.94945193,-156.6945538,2013,14.8737666
5892,20.94954422,-156.6931402,2013,14.91780486
5893,20.94963692,-156.6936655,2011,24.897823852
5894,20.94966265,-156.6934877,2013,25.107264884
5895,20.94969819,-156.69277,2013,41.947873
5896,20.94980565,-156.6942933,2013,0
5897,20.94991646,-156.692935,2013,111.001853446
5898,20.95007018,-156.692649,2013,1.14160508
5899,20.95008988,-156.694542,2013,10.3783536
5900,20.95023145,-156.693035,2013,8.843785181
5901,20.95029867,-156.6936847,2011,0
5902,20.95035433,-156.6942477,2013,0
5903,20.9505068,-156.693193,2013,12.8575788
5904,20.95073537,-156.6926456,2013,56.56699983
5905,20.95084341,-156.6930681,2011,27.3776844
5906,20.95116125,-156.6919595,2013,32.07855805
5907,20.95117324,-156.6933795,2013,2.4424004
5908,20.95141908,-156.6918361,2011,56.53802792
5909,20.95143585,-156.6917298,2013,19.46356808
5910,20.95153936,-156.6922857,2011,0
5911,20.95160767,-156.691391,2011,60.28506121
5912,20.95168144,-156.6920689,2013,24.935284
5913,20.95180281,-156.6921972,2011,47.8817702
5914,20.95190481,-156.6915987,2013,36.32277066
5915,20.95218427,-156.6909799,2013,0
5916,20.95230899,-156.6911633,2011,30.77181184
5917,20.95232584,-156.6929745,2013,13.715155843
5918,20.95245844,-156.6927014,2011,0
5919,20.95254335,-156.6906873,2011,1.093120601
5920,20.95262951,-156.6930251,2013,11.630540172
5921,20.95265784,-156.6925894,2011,26.51672276
5922,20.95274108,-156.6921067,2013,5.670863
5923,20.95285985,-156.6910231,2013,0
5924,20.95292715,-156.6909169,2011,5.384989456
5925,20.95310535,-156.6928554,2013,74.644197837
5926,20.95315288,-156.6924676,2013,17.623840599
5927,20.95318481,-156.6906071,2013,32.19424901
7822,20.93558575,-156.693258,2016,0
7824,20.93561752,-156.6931148,2016,0
7827,20.93582933,-156.6932766,2014,31.86720537
7829,20.9358783,-156.6934158,2015,8.03316379
7831,20.9358844,-156.6933948,2014,16.264100776
7832,20.9359253,-156.6934721,2014,96.773315776
7833,20.93594986,-156.6931794,2014,25.440776241
7835,20.93603368,-156.6931589,2016,5.384989456
7836,20.93605757,-156.6932909,2013,5.384989456
7837,20.93606419,-156.6935609,2016,0
7838,20.93609445,-156.6935511,2016,16.121307579
7839,20.93612999,-156.6933156,2014,3.32142734
7842,20.93622705,-156.6935354,2014,11.6189535
7844,20.93631665,-156.6932275,2014,0
7845,20.93632193,-156.693375,2015,0
7846,20.93636896,-156.6934896,2016,11.341726
7847,20.93638256,-156.69308,2016,21.187621892
7849,20.93640475,-156.6931452,2014,18.06503776
7850,20.93641564,-156.6934166,2013,5.384989456
7851,20.93643894,-156.6935775,2015,0
7852,20.93646652,-156.693384,2014,24.55069694
7853,20.93647301,-156.693099,2015,27.65823522
7854,20.93651455,-156.6934442,2013,0
7855,20.93654062,-156.693428,2014,0
7857,20.93666542,-156.693515,2014,8.1132634
7858,20.93667347,-156.6936354,2016,1.71240762
7862,20.93673105,-156.6940154,2013,5.27348294
7864,20.93674472,-156.6936577,2015,0
7865,20.93675117,-156.6933743,2014,95.135917836
7867,20.93679895,-156.6935248,2015,99.0963633
7869,20.93689593,-156.6932051,2014,0
7870,20.93689718,-156.6932588,2016,0
7871,20.93691112,-156.6937002,2015,0
7872,20.93691501,-156.6936108,2016,12.89475904
7873,20.93695393,-156.6937004,2014,0
7876,20.93698444,-156.6932702,2015,0
7878,20.93705644,-156.6938472,2013,0
7879,20.9370608,-156.6931113,2013,0
7880,20.93711545,-156.6935033,2014,33.6851172
7881,20.93713992,-156.6934668,2014,9.15950453
7882,20.93714919,-156.6930945,2016,53.49757413
7883,20.9371996,-156.6932366,2014,0
7884,20.93721611,-156.6935479,2016,70.73201443
7885,20.93722031,-156.6933247,2016,4.1691716
7886,20.93723615,-156.6934923,2014,27.36907346
7887,20.93724553,-156.6931698,2013,0
7889,20.9373379,-156.6939747,2015,0
7890,20.93733841,-156.6938731,2013,5.612809737
7891,20.93737504,-156.693474,2015,36.3266332
7892,20.93738392,-156.6935142,2013,6.478110057
7893,20.93753111,-156.6936095,2014,467.405389
7894,20.93755315,-156.6933569,2013,7.097397076
7895,20.93755365,-156.6932514,2014,40.370303931
7896,20.93756991,-156.6935841,2014,5.595624518
7897,20.93760361,-156.6931922,2015,26.192976441
7898,20.93760752,-156.6933453,2016,47.05848752
7899,20.93761524,-156.6935657,2015,14.0613539
7900,20.93762255,-156.6933077,2016,67.304754
7902,20.93770554,-156.6939387,2016,14.8737666
7903,20.93772705,-156.6931347,2016,241.544856301
7904,20.93774191,-156.6937917,2014,3.774515074
7905,20.93781391,-156.6934269,2014,287.03555805
7906,20.93784772,-156.6931429,2015,24.6109699
7907,20.93786856,-156.6935112,2014,57.896493898
7909,20.93792388,-156.6933453,2016,44.41927402
7911,20.93803,-156.69385,2014,27.65823522
7912,20.93803123,-156.6938706,2015,0
7914,20.93804,-156.6935,2014,28.809840448
7915,20.93807342,-156.6937509,2015,0
7917,20.93818598,-156.6934494,2016,12.9980642
7918,20.9382115,-156.6940088,2016,16.03928172
7919,20.93825768,-156.6936123,2016,68.5004672
7920,20.93826695,-156.6938934,2015,5.670863
7921,20.93827433,-156.6935875,2014,13.06845296
7922,20.93827969,-156.6939396,2014,8.510054506
7923,20.93828611,-156.6937361,2013,0
7924,20.93830694,-156.6935654,2016,14.66315334
7925,20.93831,-156.69368,2014,8.34300401
7926,20.9383216,-156.6931541,2015,29.557797346
7927,20.93839237,-156.6939573,2015,0
7928,20.93841,-156.69374,2014,15.154591056
7929,20.93842263,-156.6931599,2016,153.799225184
7931,20.93845345,-156.6939527,2015,16.03928172
7932,20.9384701,-156.6936475,2015,0
7933,20.93848312,-156.6936388,2015,13.8152246964
7934,20.93848889,-156.6931389,2013,5.384989456
7935,20.93849444,-156.6935139,2013,7.827389856
7936,20.93849519,-156.6933786,2016,69.46502681
7937,20.93852394,-156.6933955,2015,18.96422
7938,20.93854917,-156.6936173,2016,8.05760263
7939,20.93857826,-156.6931746,2014,35.807138966
7942,20.93870556,-156.6934361,2013,9.231465936
7943,20.93871,-156.69339,2014,0
7944,20.9387333,-156.6933088,2015,17.2898165
7945,20.93873801,-156.6939368,2016,0.805760263
7946,20.93875771,-156.693569,2014,0.805760263
7947,20.93881873,-156.6935159,2016,0
7948,20.93883,-156.6936,2014,0
7949,20.93883332,-156.6930961,2015,53.36687411
7950,20.9389,-156.69391,2014,0
7951,20.93892183,-156.6939236,2014,33.73121205
7952,20.93895938,-156.6939237,2015,21.416631797
7953,20.93897,-156.69308,2014,0
7954,20.93898813,-156.6931318,2016,9.66912639
7955,20.939,-156.6935389,2013,1.669582194
7956,20.93901177,-156.6935918,2015,4.7443154
7957,20.93901691,-156.6930759,2015,4.74685857
7958,20.93902067,-156.6932731,2016,11.87964027
7959,20.93905644,-156.6932916,2015,17.2898165
7960,20.93911671,-156.6934581,2014,7.997440517
7961,20.93911906,-156.6930987,2014,28.291919846
7962,20.93913,-156.69379,2014,0
7963,20.93916985,-156.6934807,2016,56.04145778
7964,20.93918511,-156.6933994,2015,25.61166602
7965,20.93918854,-156.6930671,2014,0
7967,20.93928485,-156.6937634,2014,6.50885664
7968,20.93933183,-156.6936727,2016,35.418405
7969,20.93942969,-156.6936592,2013,46.548702343
7970,20.93944,-156.6933301,2014,18.41321152
7971,20.9394566,-156.6935399,2015,0
7972,20.93946707,-156.6935147,2014,39.3928689
7973,20.93949063,-156.6931413,2013,0
7974,20.93949867,-156.6930067,2015,0
7975,20.93950203,-156.6937925,2014,0.28540138
7976,20.93952684,-156.6935289,2016,0
7977,20.93960657,-156.6937946,2015,0
7978,20.93965155,-156.6936117,2016,0.0716420964
7979,20.93967905,-156.6932445,2013,16.997426446
7980,20.93974125,-156.6934187,2015,1.611520526
7981,20.93976622,-156.6935418,2014,41.71958373
7982,20.93977656,-156.6933652,2016,1.58143876
7983,20.93977905,-156.6933036,2016,14.8737666
7984,20.93979036,-156.6933101,2014,0
7985,20.93980361,-156.6930287,2014,12.5011631
7987,20.93982205,-156.6930714,2016,3.728580916
7988,20.93986957,-156.6936333,2013,3.998719549
7989,20.9398917,-156.6938317,2014,0.805760263
7990,20.93991567,-156.6929895,2014,11.6189535
7991,20.9399176,-156.693389,2016,0
7992,20.939918,-156.6930017,2016,9.43306812
7993,20.94003964,-156.6935086,2015,0
7994,20.94004392,-156.6933778,2013,0
7995,20.94006068,-156.6929558,2016,0
7996,20.94008331,-156.6932759,2014,0
7997,20.94009312,-156.6931013,2013,34.51297407
7998,20.94012816,-156.6931702,2014,16.15496729
7999,20.9401565,-156.6932139,2016,5.384989456
8001,20.94028333,-156.6928278,2013,34.813661
8002,20.94029443,-156.6929179,2016,3.33575576222
8003,20.9403,-156.6931417,2013,0
8004,20.94030979,-156.693014,2016,35.80168943
8005,20.94031689,-156.692901,2016,30.97966256
8006,20.94038791,-156.6929375,2014,16.924418896
8008,20.94066389,-156.6927694,2013,17.003942956
8011,20.94096484,-156.6931628,2016,20.850419436
8012,20.94112778,-156.6928972,2013,38.72790834
8013,20.94117371,-156.6939356,2015,0
8014,20.94118738,-156.6930587,2015,12.859767134
8015,20.94122778,-156.6929763,2016,73.818095888
8016,20.94129871,-156.6930491,2016,43.167642034
8017,20.94133473,-156.6927379,2015,25.47234984
8018,20.94136918,-156.6942022,2015,73.10907306
8020,20.94144453,-156.6943191,2015,0
8021,20.94146944,-156.6926583,2013,0
8022,20.94152778,-156.6942194,2013,1.58143876
8023,20.94155556,-156.6945528,2013,4.652236743
8024,20.94156708,-156.6945876,2014,2.204303112
8025,20.94158216,-156.6927537,2014,3.29885136
8026,20.94158258,-156.6929274,2015,11.6189535
8027,20.94158702,-156.694691,2016,0.227820281
8028,20.94158809,-156.6943394,2016,0
8029,20.94160157,-156.6946939,2016,5.384989456
8030,20.94164042,-156.693078,2015,67.268047806
8031,20.94164176,-156.6929156,2016,0
8032,20.94166451,-156.6944584,2016,0
8033,20.94166732,-156.6944303,2014,0
8034,20.94166741,-156.694471,2015,0
8035,20.94167711,-156.6944236,2016,0
8036,20.94173056,-156.6929833,2013,47.54344364
8038,20.94178023,-156.6944988,2015,0
8039,20.94178668,-156.6927981,2015,12.327040869
8042,20.9418006,-156.6929877,2014,133.78888487
8043,20.94182197,-156.6946564,2014,3.785741872
8044,20.94192102,-156.6943733,2016,0
8045,20.94193889,-156.6944722,2013,17.003942956
8046,20.94194384,-156.6944378,2014,36.229808846
8047,20.94195605,-156.6947321,2016,0
8048,20.94196389,-156.6946611,2013,1.611520526
8049,20.94196958,-156.6932159,2013,0.01432842222
8050,20.94198761,-156.6947944,2016,0
8051,20.94200956,-156.6947926,2014,3.1628784
8052,20.94202288,-156.6945968,2014,0.28540138
8054,20.94207477,-156.6928648,2015,3.32142734
8057,20.94249,-156.69269,2014,0
8060,20.9426514,-156.6946851,2015,14.8737666
8061,20.94267362,-156.6946758,2016,0
8064,20.9428749,-156.6947431,2014,0
8065,20.94290822,-156.6938116,2015,3.32142734
8066,20.94293319,-156.6943849,2015,22.98703
8067,20.94296006,-156.6947681,2013,14.8737666
8068,20.94297113,-156.694522,2016,0
8069,20.94297559,-156.6948188,2016,17.316167
8070,20.94299032,-156.6946447,2015,0
8072,20.94306828,-156.6936204,2014,0
8074,20.94310323,-156.6943344,2015,0
8075,20.94314055,-156.6946975,2016,8.1132634
8076,20.94314405,-156.6944134,2013,5.45560334
8077,20.943251,-156.6944187,2016,89.242604
8078,20.94332778,-156.6945907,2014,0
8079,20.94340757,-156.6946616,2015,20.83003098
8080,20.94341336,-156.6945942,2013,20.5446296
8081,20.94344641,-156.6944174,2016,38.6788666
8082,20.94349584,-156.6943952,2015,5.670863
8083,20.94352559,-156.6932882,2015,0
8084,20.94367814,-156.694702,2013,10.5556638
8085,20.94370932,-156.6947025,2015,14.8737666
8086,20.94371368,-156.6945893,2016,5.670863
8087,20.943791,-156.6947315,2016,0
8089,20.94384813,-156.6945398,2015,34.36835212
8090,20.94392591,-156.6932536,2013,4.72002674
8091,20.94397101,-156.6945603,2015,20.90041974
8092,20.94408567,-156.6947201,2015,0
8093,20.94409285,-156.6942908,2016,54.29472675
8094,20.94413068,-156.6944233,2014,8.0727196
8095,20.94414527,-156.694931,2015,17.316167
8096,20.94415706,-156.6942014,2015,2.4424004
8097,20.94418726,-156.6955721,2014,6.80649516
8098,20.94419908,-156.6944262,2013,10.5556638
8099,20.94421081,-156.6947376,2013,34.3421837
8100,20.9442285,-156.6942549,2014,2.72780178
8101,20.94424558,-156.6946763,2016,70.290077902
8102,20.94431441,-156.6950424,2013,20.5446296
8103,20.94433025,-156.6938871,2013,1.093120601
8104,20.9443347,-156.6948066,2014,0
8105,20.94436479,-156.6951325,2014,0
8106,20.94436707,-156.6951715,2016,31.1002934
8107,20.94437552,-156.6953027,2014,16.908224077
8109,20.94439966,-156.6953315,2014,22.2009678
8110,20.94440108,-156.6940817,2015,0
8112,20.94445003,-156.6947368,2015,5.670863
8113,20.94445224,-156.6943564,2016,0
8114,20.9444667,-156.6948292,2016,13.7185422
8115,20.94447761,-156.6951738,2015,1.42700646
8116,20.94448448,-156.6942057,2014,13.077942416
8118,20.94451005,-156.6934746,2013,0.805760263
8119,20.94452304,-156.6952305,2014,0.28540138
8120,20.94454559,-156.694289,2014,0
8121,20.94455112,-156.695272,2014,11.19778465
8122,20.94455749,-156.6954882,2014,14.8737666
8123,20.94458724,-156.6944063,2015,5.670863
8124,20.94460309,-156.694086,2013,0
8125,20.94460811,-156.6946501,2013,8.1132634
8126,20.94462465,-156.6943657,2015,0
8127,20.94462984,-156.6949115,2016,24.935284
8128,20.94465111,-156.6931891,2014,38.121339476
8129,20.94468305,-156.6953067,2014,5.670863
8130,20.94469076,-156.69484,2014,1.58143876
8131,20.94476389,-156.6938405,2016,86.34332091
8132,20.94477324,-156.6939468,2013,0
8133,20.94482563,-156.6953163,2015,7.8231043
8134,20.94483325,-156.6942083,2016,20.53958159
8135,20.94484499,-156.6939579,2014,35.79176139
8136,20.94486971,-156.695349,2013,5.384989456
8137,20.94492436,-156.6948878,2013,30.51655926
8138,20.94492572,-156.6951051,2016,0
8139,20.94496217,-156.6931589,2014,24.105232536
8140,20.94499278,-156.6935926,2016,20.5446296
8141,20.94501648,-156.694882,2014,1.58143876
8143,20.94509804,-156.6952239,2014,0
8144,20.94516342,-156.6954573,2014,41.089378352
8145,20.94518208,-156.6948856,2016,0
8146,20.94532041,-156.6940177,2016,0
8147,20.94532493,-156.6952296,2015,0
8148,20.94534145,-156.6955231,2015,14.8737666
8149,20.94534916,-156.6948128,2014,5.64032238
8150,20.94536111,-156.6949333,2013,0
8151,20.94536517,-156.695527,2013,15.64279266
8152,20.94539585,-156.695402,2013,5.670863
8153,20.94540976,-156.6932748,2014,33.81184928
8154,20.94541827,-156.6937653,2016,6.190749719
8155,20.94541856,-156.695627,2015,16.80399688
8156,20.94542403,-156.6951456,2016,4.02383916
8157,20.94547036,-156.6943171,2014,0
8158,20.94547254,-156.6943186,2014,21.424271176
8159,20.94548174,-156.6955285,2016,0
8160,20.94550796,-156.6953342,2015,13.7435826
8161,20.94554932,-156.6949273,2014,7.827389856
8162,20.94559381,-156.6941672,2016,0
8163,20.94564294,-156.6940595,2014,44.61881886
8164,20.94566944,-156.6951778,2013,1.58143876
8165,20.94571318,-156.695085,2016,15.10393112
8166,20.94571696,-156.6953968,2014,4.02383916
8167,20.94572778,-156.695125,2013,0
8168,20.94573624,-156.6953425,2015,5.670863
8169,20.94575518,-156.693417,2014,5.670863
8170,20.9457683,-156.6950624,2015,5.670863
8171,20.94580278,-156.6948889,2013,18.9461547
8172,20.94586087,-156.6951305,2014,10.84106518
8173,20.945925,-156.6955361,2013,2.43160921122
8174,20.94595291,-156.6956888,2015,0
8175,20.94596255,-156.6956026,2014,13.68072885
8176,20.94597138,-156.6952332,2016,38.3869508
8177,20.94603312,-156.6952884,2014,0
8178,20.94603555,-156.6937437,2014,22.674805956
8179,20.94604569,-156.695408,2014,15.72997052
8180,20.94606703,-156.6956746,2016,0
8181,20.94611111,-156.6948472,2013,38.79337122
8182,20.94612276,-156.6951558,2016,14.8737666
8183,20.94613351,-156.6950623,2016,44.7627796
8184,20.94615703,-156.6953362,2016,20.5446296
8185,20.94619167,-156.6951972,2013,16.03928172
8186,20.94624569,-156.6952684,2014,0
8187,20.94624954,-156.6952094,2014,22.98703
8188,20.94625658,-156.693596,2014,21.25799489
8189,20.94626069,-156.6950325,2014,11.95973988
8190,20.94627393,-156.6939548,2015,0
8191,20.94629289,-156.6939244,2016,16.03928172
8192,20.94632104,-156.6949125,2014,11.341726
8193,20.94636576,-156.695636,2016,6.80649516
8194,20.94638056,-156.6950944,2013,16.185983
8195,20.94641389,-156.6955556,2013,22.98703
8196,20.94641869,-156.6953346,2014,0.01432842222
8198,20.94647124,-156.695036,2016,5.670863
8199,20.94649481,-156.6954252,2016,0
8200,20.9464951,-156.6953105,2015,16.08258545
8201,20.94650284,-156.6955332,2014,5.0087457
8202,20.94650611,-156.6945274,2016,0
8203,20.94655221,-156.6935377,2014,18.198378077
8204,20.94655961,-156.6946421,2015,11.6189535
8205,20.94676986,-156.6940905,2016,30.91304832
8206,20.94679338,-156.6937229,2015,36.5542375
8207,20.94683738,-156.6938987,2016,33.0080036
8208,20.94697655,-156.6941016,2015,85.3173442
8209,20.94698841,-156.6941575,2014,23.45862552
8210,20.94701607,-156.6938383,2013,7.870958249
8211,20.94705442,-156.6936534,2016,0
8212,20.94713836,-156.6937053,2014,39.805574336
8213,20.94717574,-156.6941012,2013,72.5108015
8214,20.94720776,-156.6943392,2015,32.7336636
8215,20.94721086,-156.6939721,2016,61.630894666
8216,20.94725795,-156.6942221,2016,26.11754321
8217,20.94730876,-156.6941577,2015,0
8218,20.94731357,-156.6943717,2016,18.121927263
8219,20.94736023,-156.6938439,2016,16.185983
8220,20.94745193,-156.6940293,2014,56.240368767
8221,20.94751048,-156.694517,2015,14.8737666
8222,20.94751529,-156.694117,2014,11.6189535
8223,20.94752527,-156.6942465,2015,40.226446222
8224,20.94753943,-156.6943105,2013,2.504373144
8225,20.94771177,-156.6943716,2016,0
8226,20.9477612,-156.6944968,2016,0
8227,20.9477805,-156.6942773,2016,0
8228,20.94779542,-156.6944432,2014,7.15766942
8229,20.94785631,-156.6948748,2015,0
8230,20.947867,-156.6938518,2014,96.2917807179
8231,20.9479561,-156.6943978,2013,40.004822123
8232,20.9479746,-156.6949091,2016,39.8090506
8233,20.94803401,-156.6942238,2015,24.935284
8234,20.94804612,-156.6951042,2014,0
8235,20.94807713,-156.69446,2016,25.0853086
8236,20.9481068,-156.694587,2013,8.1132634
8237,20.94820636,-156.6941324,2016,30.59963258
8238,20.9482317,-156.6948273,2014,4.8848008
8239,20.94832834,-156.6941178,2015,14.36159648
8240,20.94836472,-156.6945018,2013,36.173951154
8241,20.94836921,-156.6943727,2016,0
8242,20.94837243,-156.6944217,2016,16.51192818
8243,20.948375,-156.6935833,2013,0.0859705392
8244,20.94844352,-156.6945531,2015,27.3776844
8245,20.94847938,-156.6937908,2015,0
8246,20.94847955,-156.6933302,2013,38.30189924
8247,20.94853437,-156.6951013,2014,0
8248,20.94855566,-156.6949313,2014,33.40681491
8249,20.94855781,-156.6946297,2016,21.8163022
8250,20.94856814,-156.6944152,2014,1.14160508
8251,20.94857141,-156.6947462,2014,50.02009221
8252,20.94857177,-156.6947714,2016,0.28540138
8253,20.94857818,-156.6949735,2016,17.17975182
8254,20.94859444,-156.6939833,2013,30.62866708
8255,20.94862325,-156.6934933,2016,14.8737666
8256,20.94867216,-156.6951291,2014,53.5526332
8257,20.94867704,-156.6940276,2016,14.8737666
8258,20.94868532,-156.6939851,2015,0
8259,20.9486954,-156.6940415,2015,12.212002
8260,20.94870741,-156.6947128,2016,0.85620392
8261,20.94872308,-156.6936658,2015,4.397379426
8262,20.94873889,-156.69375,2013,0
8263,20.94881868,-156.693652,2013,45.71660555
8264,20.94882119,-156.693806,2015,10.5556638
8265,20.94884098,-156.6932216,2014,36.2159369
8266,20.9488578,-156.6948662,2016,0
8267,20.94887984,-156.6941318,2016,12.496863852
8268,20.94888054,-156.6939015,2014,32.20668638
8269,20.9488878,-156.6949689,2016,42.818149
8270,20.94890363,-156.6938467,2016,10.5556638
8271,20.94891658,-156.693875,2014,80.97445664
8272,20.94892743,-156.6947676,2015,13.7841264
8273,20.94893963,-156.6941658,2014,15.940653256
8274,20.94895556,-156.6939694,2013,85.53546865
8275,20.94896251,-156.6936345,2015,42.7776052
8276,20.94896909,-156.6942548,2016,0
8277,20.94902295,-156.6944695,2014,27.3776844
8278,20.94902778,-156.6944389,2013,24.935284
8279,20.94903611,-156.6939926,2015,5.02971678
8280,20.94909805,-156.6936447,2015,39.24308534
8281,20.94911829,-156.694338,2015,0
8282,20.9491639,-156.6945819,2015,27.3776844
8283,20.94917759,-156.6933842,2014,45.004152094
8284,20.94917824,-156.694355,2015,1.58143876
8285,20.94918899,-156.6939599,2013,11.9218429
8286,20.9491969,-156.6945928,2016,0
8287,20.94922168,-156.6943839,2014,37.93667152
8288,20.94923056,-156.6941861,2013,80.74379596
8289,20.94923249,-156.6946807,2014,10.5556638
8290,20.94924998,-156.6936801,2016,17.316167
8291,20.94930424,-156.6947366,2014,4.8848008
8292,20.94930432,-156.6939376,2016,26.345680122
8293,20.94930741,-156.6938273,2015,25.93188092
8294,20.94934087,-156.6942129,2016,38.042829
8295,20.94936343,-156.6946855,2015,29.747542
8296,20.94938236,-156.6945502,2014,0
8297,20.94938622,-156.693912,2013,22.74116863
8298,20.94939158,-156.6945646,2016,24.2992464
8299,20.94941346,-156.6932476,2015,31.89493428
8300,20.94949502,-156.6936996,2015,63.852361716
8301,20.94952837,-156.6933816,2016,60.290382856
8302,20.94953525,-156.6941549,2015,2.4424004
8303,20.94963665,-156.6945979,2016,24.84236084
8304,20.94965075,-156.6927105,2013,10.915994012
8305,20.94968193,-156.6929179,2015,42.494997237
8306,20.94968688,-156.6938414,2014,15.4301622
8307,20.94970968,-156.6935543,2014,17.6674806
8308,20.94971111,-156.6931056,2013,26.73111184
8309,20.94977221,-156.6935618,2015,28.6173492
8310,20.94978645,-156.6936624,2013,17.9154102964
8311,20.94979194,-156.6943921,2015,14.8737666
8312,20.94987685,-156.693951,2015,14.8737666
8313,20.94992222,-156.6928861,2013,2.193076314
8314,20.94994638,-156.6939524,2014,8.0476792
8315,20.94995252,-156.6934414,2015,8.0727196
8316,20.949967,-156.6936335,2014,43.51388778
8317,20.9499674,-156.6934656,2016,17.316167
8318,20.95001246,-156.6930555,2016,14.8737666
8319,20.95003447,-156.6940943,2014,0.805760263
8320,20.95005593,-156.6930879,2016,0
8321,20.95008368,-156.6934456,2015,0
8322,20.95010346,-156.6927577,2013,6.07949076
8323,20.95014562,-156.6937842,2014,14.8737666
8324,20.95015652,-156.6921676,2015,37.40900343
8325,20.95017487,-156.6940626,2014,0
8326,20.95020085,-156.69416,2016,14.8737666
8327,20.9502321,-156.6931363,2015,28.11470717
8328,20.95023505,-156.6941324,2014,15.15916798
8329,20.95025389,-156.6935597,2016,13.7841264
8330,20.95026699,-156.6934121,2014,0
8331,20.9502721,-156.6932141,2014,0
8332,20.95030018,-156.6941847,2014,5.191794548
8333,20.95031019,-156.6934157,2016,10.990268256
8334,20.95032994,-156.69278,2014,7.198504434
8335,20.9503415,-156.6933045,2014,3.223041052
8336,20.95036111,-156.69315,2013,21.152475008
8338,20.95046578,-156.692811,2016,0
8339,20.9504752,-156.6929892,2014,0
8340,20.95048333,-156.6934667,2013,59.41665114
8341,20.95051099,-156.6922171,2015,30.320273456
8342,20.95054929,-156.6927275,2014,54.583249996
8343,20.95056279,-156.6927781,2013,2.921768766
8344,20.95060998,-156.6925999,2014,47.8567298
8345,20.95061132,-156.6929129,2016,14.8737666
8346,20.95068483,-156.6941129,2014,13.915047168
8347,20.95070556,-156.6938194,2013,0
8348,20.95071039,-156.6930599,2014,20.03245948
8349,20.95072484,-156.6938967,2016,14.8737666
8350,20.95078994,-156.6916799,2014,12.11694726
8353,20.95085372,-156.6922053,2015,25.789760612
8354,20.95087803,-156.6930348,2013,7.620187521
8355,20.95088474,-156.6918802,2013,8.0727196
8356,20.95089144,-156.6927191,2015,8.0727196
8357,20.95092933,-156.6927812,2014,44.71743749
8358,20.950931,-156.6928272,2016,0
8359,20.95094927,-156.6932787,2016,33.0080036
8360,20.95102999,-156.69292,2014,18.56562204
8362,20.95104894,-156.6916826,2013,22.9464862
8364,20.95106805,-156.6938297,2014,4.87528602
8365,20.95116184,-156.6923186,2015,16.726715456
8366,20.95117612,-156.6919981,2016,18.6689272
8367,20.95119799,-156.6934055,2016,11.341726
8368,20.95120278,-156.6936722,2013,27.65823522
8369,20.9512178,-156.6920962,2016,60.66623882
8370,20.95127687,-156.6922935,2016,63.983337484
8371,20.95127835,-156.6931508,2013,139.175430276
8372,20.95127969,-156.693769,2014,5.384989456
8373,20.95130123,-156.69169,2015,27.05348624
8374,20.95130995,-156.69318,2014,15.355103126
8375,20.95133333,-156.6930737,2015,53.71704448
8377,20.95137453,-156.6932343,2016,24.598550526
8378,20.95137875,-156.6923608,2015,35.0915939
8379,20.95144646,-156.6918245,2012,7.25230176
8380,20.95145367,-156.6917817,2016,82.48738278
8381,20.95149309,-156.6938711,2014,0
8382,20.9515171,-156.6926391,2016,42.9681736
8383,20.95163219,-156.6932943,2016,2.4424004
8384,20.95166995,-156.6914199,2014,23.84348096
8385,20.95172164,-156.6928754,2016,1.58143876
8386,20.95172306,-156.6934259,2016,38.757785462
8387,20.95176995,-156.69348,2014,1.58143876
8388,20.95177741,-156.6921152,2015,44.379838
8389,20.95178545,-156.6934034,2015,96.79182337
8390,20.95181744,-156.6929499,2015,8.1132634
8391,20.95181879,-156.6917845,2012,7.25230176
8392,20.95190129,-156.6915604,2013,25.9286243762
8393,20.9519279,-156.6924292,2015,0
8394,20.95198344,-156.6911317,2015,6.420305402
8395,20.95200372,-156.6922675,2015,26.7821906
8396,20.9520494,-156.6919542,2015,16.185983
8397,20.95213607,-156.6917651,2013,57.98715472
8398,20.95219419,-156.6917959,2016,97.52299612
8399,20.95221517,-156.693454,2015,5.64032238
8400,20.95230731,-156.6918032,2016,0
8401,20.95234335,-156.6914804,2015,33.4616062
8402,20.95236347,-156.6921302,2013,35.093972463
8403,20.95238987,-156.6920565,2015,32.8893576
8404,20.95251996,-156.69205,2014,33.03708606
8405,20.95258592,-156.6920949,2016,51.72824668
8406,20.95261174,-156.6910205,2013,30.8513359
8407,20.95265405,-156.690983,2015,0
8408,20.95268332,-156.6917136,2015,26.22407128
8409,20.95271389,-156.69215,2013,32.016484434
8410,20.95275407,-156.6917436,2013,98.765730316
8411,20.95282146,-156.6908153,2013,17.003942956
8412,20.95292464,-156.6923,2015,5.670863
8413,20.9529378,-156.6916284,2015,28.40451361
8414,20.95293906,-156.6928376,2015,51.15935528
8415,20.95294609,-156.6923452,2016,52.113287736
8416,20.95303539,-156.6923392,2016,11.341726
8417,20.95313134,-156.692354,2015,4.8848008
8418,20.95321727,-156.69253,2016,0
8419,20.95321993,-156.6924399,2014,6.039552794
8420,20.95327131,-156.692971,2013,58.20726956
8421,20.95328846,-156.6926052,2016,0.57080254
8422,20.95332295,-156.6912295,2015,3.84647648
8423,20.95333217,-156.6909703,2015,0
8424,20.95334181,-156.6904103,2013,0
8425,20.95336,-156.69269,2014,0
8426,20.95339939,-156.6900661,2013,0
8427,20.95344009,-156.6918693,2015,0
8428,20.95349469,-156.692768,2013,5.384989456
8429,20.95404631,-156.6929889,2013,78.04370911
